,Team,Player,ID,RoundPick,RoundNum
0,P-Town CASH KEVIN,Jonathan Taylor,4242335,1,1
1,Diggy Wit it,Christian McCaffrey,3117251,2,1
2,My Team  A Bust,Austin Ekeler,3068267,3,1
3,Eugene Tweakers,Cooper Kupp,2977187,4,1
4,Couv Reigning Champ,Dalvin Cook,3116593,5,1
5,Gorilla Guys,Derrick Henry,3043078,6,1
6,I dont know what im doing,Leonard Fournette,3115364,7,1
7,Cougar Town Zach Wilson,Deebo Samuel,3126486,8,1
8,No Nyugen Will Win,Najee Harris,4241457,9,1
9,Just-in-N-out Drive thru,Justin Jefferson,4262921,10,1
10,Just-in-N-out Drive thru,Justin Herbert,4038941,1,2
11,No Nyugen Will Win,Ja'Marr Chase,4362628,2,2
12,Cougar Town Zach Wilson,Josh Allen,3918298,3,2
13,I dont know what im doing,Davante Adams,16800,4,2
14,Gorilla Guys,Joe Mixon,3116385,5,2
15,Couv Reigning Champ,D'Andre Swift,4259545,6,2
16,Eugene Tweakers,Alvin Kamara,3054850,7,2
17,My Team  A Bust,Mark Andrews,3116365,8,2
18,Diggy Wit it,Stefon Diggs,2976212,9,2
19,P-Town CASH KEVIN,Tyreek Hill,3116406,10,2
20,P-Town CASH KEVIN,Travis Kelce,15847,1,3
21,Diggy Wit it,Aaron Jones,3042519,2,3
22,My Team  A Bust,Saquon Barkley,3929630,3,3
23,Eugene Tweakers,CeeDee Lamb,4241389,4,3
24,Couv Reigning Champ,Javonte Williams,4361579,5,3
25,Gorilla Guys,Keenan Allen,15818,6,3
26,I dont know what im doing,Mike Evans,16737,7,3
27,Cougar Town Zach Wilson,James Conner,3045147,8,3
28,No Nyugen Will Win,Ezekiel Elliott,3051392,9,3
29,Just-in-N-out Drive thru,Nick Chubb,3128720,10,3
30,Just-in-N-out Drive thru,George Kittle,3040151,1,4
31,No Nyugen Will Win,J.K. Dobbins,4241985,2,4
32,Cougar Town Zach Wilson,David Montgomery,4035538,3,4
33,I dont know what im doing,Breece Hall,4427366,4,4
34,Gorilla Guys,Kyle Pitts,4360248,5,4
35,Couv Reigning Champ,Michael Pittman Jr.,4035687,6,4
36,Eugene Tweakers,Tee Higgins,4239993,7,4
37,My Team  A Bust,A.J. Brown,4047646,8,4
38,Diggy Wit it,Mike Williams,3045138,9,4
39,P-Town CASH KEVIN,Patrick Mahomes,3139477,10,4
40,P-Town CASH KEVIN,Terry McLaurin,3121422,1,5
41,Diggy Wit it,DJ Moore,3915416,2,5
42,My Team  A Bust,Lamar Jackson,3916387,3,5
43,Eugene Tweakers,Cam Akers,4240021,4,5
44,Couv Reigning Champ,Jaylen Waddle,4372016,5,5
45,Gorilla Guys,Diontae Johnson,3932905,6,5
46,I dont know what im doing,Brandin Cooks,16731,7,5
47,Cougar Town Zach Wilson,Elijah Mitchell,4241555,8,5
48,No Nyugen Will Win,Travis Etienne Jr.,4239996,9,5
49,Just-in-N-out Drive thru,Josh Jacobs,4047365,10,5
50,Just-in-N-out Drive thru,DK Metcalf,4047650,1,6
51,No Nyugen Will Win,Antonio Gibson,4360294,2,6
52,Cougar Town Zach Wilson,Gabe Davis,4243537,3,6
53,I dont know what im doing,Dalton Schultz,3117256,4,6
54,Gorilla Guys,Jalen Hurts,4040715,5,6
55,Couv Reigning Champ,Kyler Murray,3917315,6,6
56,Eugene Tweakers,Darren Waller,2576925,7,6
57,My Team  A Bust,Jerry Jeudy,4241463,8,6
58,Diggy Wit it,Courtland Sutton,3128429,9,6
59,P-Town CASH KEVIN,Kareem Hunt,3059915,10,6
60,P-Town CASH KEVIN,Hunter Renfrow,3135321,1,7
61,Diggy Wit it,Allen Robinson II,16799,2,7
62,My Team  A Bust,AJ Dillon,4239934,3,7
63,Eugene Tweakers,Marquise Brown,4241372,4,7
64,Couv Reigning Champ,Chris Godwin,3116165,5,7
65,Gorilla Guys,Amon-Ra St. Brown,4374302,6,7
66,I dont know what im doing,Devin Singletary,4040761,7,7
67,Cougar Town Zach Wilson,Justin Tucker,15683,8,7
68,No Nyugen Will Win,Darnell Mooney,4040655,9,7
69,Just-in-N-out Drive thru,Miles Sanders,4045163,10,7
70,Just-in-N-out Drive thru,Nick Folk,10621,1,8
71,No Nyugen Will Win,T.J. Hockenson,4036133,2,8
72,Cougar Town Zach Wilson,Dallas Goedert,3121023,3,8
73,I dont know what im doing,Amari Cooper,2976499,4,8
74,Gorilla Guys,JuJu Smith-Schuster,3120348,5,8
75,Couv Reigning Champ,Rashod Bateman,4360939,6,8
76,Eugene Tweakers,Tom Brady,2330,7,8
77,My Team  A Bust,Michael Thomas,2976316,8,8
78,Diggy Wit it,Rashaad Penny,3139925,9,8
79,P-Town CASH KEVIN,DeVonta Smith,4241478,10,8
80,P-Town CASH KEVIN,Rhamondre Stevenson,4569173,1,9
81,Diggy Wit it,Trey Lance,4383351,2,9
82,My Team  A Bust,Clyde Edwards-Helaire,4242214,3,9
83,Eugene Tweakers,Adam Thielen,16460,4,9
84,Couv Reigning Champ,Melvin Gordon III,2576434,5,9
85,Gorilla Guys,Tony Pollard,3916148,6,9
86,I dont know what im doing,Russell Wilson,14881,7,9
87,Cougar Town Zach Wilson,Damien Harris,3925347,8,9
88,No Nyugen Will Win,Aaron Rodgers,8439,9,9
89,Just-in-N-out Drive thru,Tyler Lockett,2577327,10,9
90,Just-in-N-out Drive thru,Brandon Aiyuk,4360438,1,10
91,No Nyugen Will Win,Garrett Wilson,4569618,2,10
92,Cougar Town Zach Wilson,Elijah Moore,4372414,3,10
93,I dont know what im doing,Cordarrelle Patterson,15807,4,10
94,Gorilla Guys,DeAndre Hopkins,15795,5,10
95,Couv Reigning Champ,Christian Kirk,3895856,6,10
96,Eugene Tweakers,Drake London,4426502,7,10
97,My Team  A Bust,Allen Lazard,3128390,8,10
98,Diggy Wit it,Chase Edmonds,3119195,9,10
99,P-Town CASH KEVIN,Joe Burrow,3915511,10,10
100,P-Town CASH KEVIN,Chase Claypool,4046692,1,11
101,Diggy Wit it,Cole Kmet,4258595,2,11
102,My Team  A Bust,Kenneth Walker III,4567048,3,11
103,Eugene Tweakers,Kadarius Toney,4240600,4,11
104,Couv Reigning Champ,Mike Gesicki,3116164,5,11
105,Gorilla Guys,Jamaal Williams,2980453,6,11
106,I dont know what im doing,Zach Ertz,15835,7,11
107,Cougar Town Zach Wilson,Dawson Knox,3930086,8,11
108,No Nyugen Will Win,Chris Olave,4361370,9,11
109,Just-in-N-out Drive thru,James Cook,4379399,10,11
110,Just-in-N-out Drive thru,Bills D/ST,-16002,1,12
111,No Nyugen Will Win,Jakobi Meyers,3916433,2,12
112,Cougar Town Zach Wilson,DJ Chark,3115394,3,12
113,I dont know what im doing,Tyler Boyd,3045144,4,12
114,Gorilla Guys,Saints D/ST,-16018,5,12
115,Couv Reigning Champ,Alexander Mattison,4048244,6,12
116,Eugene Tweakers,Dak Prescott,2577417,7,12
117,My Team  A Bust,Dameon Pierce,4360238,8,12
118,Diggy Wit it,Buccaneers D/ST,-16027,9,12
119,P-Town CASH KEVIN,Skyy Moore,4430191,10,12
120,P-Town CASH KEVIN,Pat Freiermuth,4361411,1,13
121,Diggy Wit it,Robert Woods,15880,2,13
122,My Team  A Bust,Treylon Burks,4567156,3,13
123,Eugene Tweakers,Matthew Stafford,12483,4,13
124,Couv Reigning Champ,Ravens D/ST,-16033,5,13
125,Gorilla Guys,Matt Gay,4249087,6,13
126,I dont know what im doing,Evan McPherson,4360234,7,13
127,Cougar Town Zach Wilson,Steelers D/ST,-16023,8,13
128,No Nyugen Will Win,49ers D/ST,-16025,9,13
129,Just-in-N-out Drive thru,Hunter Henry,3046439,10,13
130,Just-in-N-out Drive thru,Marcus Mariota,2576980,1,14
131,No Nyugen Will Win,James Robinson,4052042,2,14
132,Cougar Town Zach Wilson,Noah Fant,4036131,3,14
133,I dont know what im doing,Patriots D/ST,-16017,4,14
134,Gorilla Guys,Darrell Henderson Jr.,4039359,5,14
135,Couv Reigning Champ,Nyheim Hines,3916430,6,14
136,Eugene Tweakers,Russell Gage,3115378,7,14
137,My Team  A Bust,Michael Carter,4240657,8,14
138,Diggy Wit it,Daniel Carlson,3051909,9,14
139,P-Town CASH KEVIN,Packers D/ST,-16009,10,14
140,P-Town CASH KEVIN,Brandon McManus,16339,1,15
141,Diggy Wit it,Marquez Valdes-Scantling,3051738,2,15
142,My Team  A Bust,Tyler Bass,3917232,3,15
143,Eugene Tweakers,Cowboys D/ST,-16006,4,15
144,Couv Reigning Champ,Harrison Butker,3055899,5,15
145,Gorilla Guys,Robbie Anderson,2574808,6,15
146,I dont know what im doing,Kenny Golladay,2974858,7,15
147,Cougar Town Zach Wilson,Brian Robinson Jr.,4241474,8,15
148,No Nyugen Will Win,Matt Prater,11122,9,15
149,Just-in-N-out Drive thru,Rex Burkhead,15971,10,15
150,Just-in-N-out Drive thru,Jarvis Landry,16790,1,16
151,No Nyugen Will Win,Christian Watson,4248528,2,16
152,Cougar Town Zach Wilson,Kirk Cousins,14880,3,16
153,I dont know what im doing,J.D. McKissic,2572861,4,16
154,Gorilla Guys,Jahan Dotson,4361409,5,16
155,Couv Reigning Champ,Isaiah Spiller,4426891,6,16
156,Eugene Tweakers,Graham Gano,12460,7,16
157,My Team  A Bust,Colts D/ST,-16011,8,16
158,Diggy Wit it,Zamir White,4361777,9,16
159,P-Town CASH KEVIN,Derek Carr,16757,10,16
